"Pathway","n_genes","mean_CV","mean_VIF","high_CV_genes","high_VIF_genes","Name","noise_status","propagation_score"
"04080",166,0.573710874687729,1.99543815885987,108,3,"Neuroactive ligand-receptor interaction - Homo sapiens (human)","HIGH_CV_LOW_VIF",0.287511227617061
"04740",31,0.537972660864781,1.66029409605362,18,0,"Olfactory transduction - Homo sapiens (human)","HIGH_CV_LOW_VIF",0.324022510315189
"04744",20,0.484857091972213,1.57690791638804,10,0,"Phototransduction - Homo sapiens (human)","HIGH_CV_LOW_VIF",0.307473307054475
"00232",7,0.481577609092009,1.84983399313539,5,0,"Caffeine metabolism - Homo sapiens (human)","HIGH_CV_LOW_VIF",0.260335581938223
"04340",52,0.468863234039679,1.99529855965658,26,2,"Hedgehog signaling pathway - Homo sapiens (human)","HIGH_CV_LOW_VIF",0.234983998645485
"04742",24,0.462332499301594,2.1084495882006,14,1,"Taste transduction - Homo sapiens (human)","NOISY",0.974804767764199
"04974",68,0.442759365856619,2.2115767282032,30,1,"Protein digestion and absorption - Homo sapiens (human)","NOISY",0.979196309722505
"05217",52,0.41562195163431,1.9852520182036,24,2,"Basal cell carcinoma - Homo sapiens (human)","HIGH_CV_LOW_VIF",0.20935475588152
"04060",215,0.403699182366933,2.42620608360294,98,12,"Cytokine-cytokine receptor interaction - Homo sapiens (human)","NOISY",0.979457412204187
"05322",104,0.399547106192601,2.11161639221966,47,1,"Systemic lupus erythematosus - Homo sapiens (human)","NOISY",0.843690218900224
"00524",5,0.398390574499511,2.02713497811647,2,0,"Neomycin, kanamycin and gentamicin biosynthesis - Homo sapiens (human)","NOISY",0.807591468519876
"00053",24,0.38822252504003,1.75962022339784,9,0,"Ascorbate and aldarate metabolism - Homo sapiens (human)","HIGH_CV_LOW_VIF",0.220628587849694
"04020",148,0.376081712061997,2.19809334375729,67,5,"Calcium signaling pathway - Homo sapiens (human)","NOISY",0.826662707992322
"00140",52,0.371879270531736,1.60262443621813,22,0,"Steroid hormone biosynthesis - Homo sapiens (human)","HIGH_CV_LOW_VIF",0.232043928775539
"05410",70,0.368815401626481,2.16872579866896,23,3,"Hypertrophic cardiomyopathy - Homo sapiens (human)","NOISY",0.799859476453802
"05332",35,0.365365708099368,2.4168794446074,14,2,"Graft-versus-host disease - Homo sapiens (human)","NOISY",0.883044869669788
"05414",75,0.361940739472077,2.23882420818149,26,4,"Dilated cardiomyopathy - Homo sapiens (human)","NOISY",0.810321689457197
"00982",69,0.358307064889253,1.89671090456147,25,0,"Drug metabolism - cytochrome P450 - Homo sapiens (human)","HIGH_CV_LOW_VIF",0.188909687832525
"04640",74,0.35767612610637,3.01352711836998,27,7,"Hematopoietic cell lineage - Homo sapiens (human)","NOISY",1.07786670561507
"00830",58,0.356458168825499,1.77884303609082,23,0,"Retinol metabolism - Homo sapiens (human)","HIGH_CV_LOW_VIF",0.200387646123545
"00910",20,0.355319606296139,1.77073231939065,8,0,"Nitrogen metabolism - Homo sapiens (human)","HIGH_CV_LOW_VIF",0.200662518216425
"00980",66,0.353560569113544,1.82985494057922,23,0,"Metabolism of xenobiotics by cytochrome P450 - Homo sapiens (human)","HIGH_CV_LOW_VIF",0.193217812665319
"04672",41,0.346446849396641,2.49285720821967,15,4,"Intestinal immune network for IgA production - Homo sapiens (human)","NOISY",0.86364252578341
"05412",66,0.346373814948378,2.23580017849853,21,3,"Arrhythmogenic right ventricular cardiomyopathy - Homo sapiens (human)","NOISY",0.774422637288799
"00430",9,0.344919390602345,2.15930519273604,2,1,"Taurine and hypotaurine metabolism - Homo sapiens (human)","NOISY",0.744786231202995
"04970",66,0.344592041307421,2.01481648475961,25,1,"Salivary secretion - Homo sapiens (human)","NOISY",0.694289725343157
"00512",25,0.344376581549018,1.94616456783891,9,0,"Mucin type O-glycan biosynthesis - Homo sapiens (human)","HIGH_CV_LOW_VIF",0.176951418826532
"00591",23,0.343505754448393,1.76999367521989,9,0,"Linoleic acid metabolism - Homo sapiens (human)","HIGH_CV_LOW_VIF",0.194071741191797
"05143",33,0.338499968013959,2.15535196943775,13,2,"African trypanosomiasis - Homo sapiens (human)","NOISY",0.729586572713503
"04260",58,0.335128154819895,2.46587674240729,18,2,"Cardiac muscle contraction - Homo sapiens (human)","NOISY",0.82638472269625
"04512",81,0.334749296987937,2.23683195657203,24,2,"ECM-receptor interaction - Homo sapiens (human)","NOISY",0.748777924942639
"00601",23,0.3302175313016,1.85555638782229,9,0,"Glycosphingolipid biosynthesis - lacto and neolacto series - Homo sapiens (human)","HIGH_CV_LOW_VIF",0.177961463994715
"00500",48,0.329289687993761,1.87122966901133,18,1,"Starch and sucrose metabolism - Homo sapiens (human)","HIGH_CV_LOW_VIF",0.175975025111558
"04940",37,0.325777933184973,2.48969367283332,12,3,"Type I diabetes mellitus - Homo sapiens (human)","NOISY",0.811087258999344
"00040",30,0.32251965012725,1.77059841456764,9,0,"Pentose and glucuronate interconversions - Homo sapiens (human)","HIGH_CV_LOW_VIF",0.182152908007661
"04916",91,0.318789025908874,2.06850627969382,30,1,"Melanogenesis - Homo sapiens (human)","NOISY",0.65941710198998
"04514",124,0.318387391848166,2.65768849042197,41,9,"Cell adhesion molecule (CAM) interaction - Homo sapiens (human)","NOISY",0.846174506810341
"05310",21,0.316368063328188,2.07983837688119,8,0,"Asthma - Homo sapiens (human)","NOISY",0.657994439329545
"04971",60,0.315348661304201,2.02820362621074,22,1,"Gastric acid secretion - Homo sapiens (human)","NOISY",0.639591298377882
"04614",14,0.311035910453426,1.62688545514653,5,0,"Renin-angiotensin system - Homo sapiens (human)","HIGH_CV_LOW_VIF",0.191184886108292
"00983",50,0.304227329599967,1.90046335592502,16,0,"Drug metabolism - other enzymes - Homo sapiens (human)","HIGH_CV_LOW_VIF",0.16008060805355
"05340",31,0.303171528788959,3.73405948389155,9,6,"Primary immunodeficiency - Homo sapiens (human)","NOISY",1.13206052232031
"04972",72,0.300960215683642,2.03433520160954,25,1,"Pancreatic secretion - Homo sapiens (human)","NOISY",0.612253961049233
"00514",43,0.300372423957738,1.8587604955954,13,0,"Other types of O-glycan biosynthesis - Homo sapiens (human)","HIGH_CV_LOW_VIF",0.161598239616946
"04973",35,0.300341766445208,2.36655178124688,11,3,"Carbohydrate digestion and absorption - Homo sapiens (human)","NOISY",0.710774342363743
"00534",23,0.300045974537811,2.3505852828095,8,1,"Glycosaminoglycan biosynthesis - heparan sulfate / heparin - Homo sapiens (human)","NOISY",0.705283651914812
"05320",32,0.299443394641952,2.50081356031953,10,2,"Autoimmune thyroid disease - Homo sapiens (human)","NOISY",0.748852101868705
"00590",49,0.297362008457981,2.03748621683768,15,1,"Arachidonic acid metabolism - Homo sapiens (human)","NOISY",0.605870993644305
"04964",21,0.29631921042436,1.83608398679863,6,0,"Proximal tubule bicarbonate reclamation - Homo sapiens (human)","HIGH_CV_LOW_VIF",0.16138652292318
"04950",17,0.296100647630524,1.84697218154904,4,0,"Maturity onset diabetes of the young - Homo sapiens (human)","HIGH_CV_LOW_VIF",0.160316787977925
"04930",43,0.294819328675977,2.46665150837901,11,3,"Type II diabetes mellitus - Homo sapiens (human)","NOISY",0.727216541777886
"05144",47,0.29361186026206,2.00306314719868,16,0,"Malaria - Homo sapiens (human)","NOISY",0.588123096871382
"05330",32,0.291960648789313,2.55721201059471,10,2,"Allograft rejection - Homo sapiens (human)","NOISY",0.746605277705055
"04976",64,0.290879512681294,1.96982948956226,20,0,"Bile secretion - Homo sapiens (human)","HIGH_CV_LOW_VIF",0.147667356094834
"05146",96,0.28577744317821,2.37401548640536,27,3,"Amoebiasis - Homo sapiens (human)","NOISY",0.678440075770398
"00350",37,0.285480951549901,2.10304693417159,7,0,"Tyrosine metabolism - Homo sapiens (human)","NOISY",0.600379839921408
"04062",177,0.283208490682622,2.48350447794398,51,11,"Chemokine signaling pathway - Homo sapiens (human)","NOISY",0.703349554802048
"02010",42,0.282254624535096,2.55235100564316,10,2,"ABC transporters - Homo sapiens (human)","NOISY",0.720412874779587
"00592",13,0.271996155503138,1.79821769670401,4,0,"alpha-Linolenic acid metabolism - Homo sapiens (human)","HIGH_CV_LOW_VIF",0.151258746925739
"04310",140,0.271845378310557,2.10227006359133,40,1,"Wnt signaling pathway - Homo sapiens (human)","NOISY",0.571492400747943
"04350",81,0.268384240902245,2.26284299435113,17,1,"TGF-beta signaling pathway - Homo sapiens (human)","NOISY",0.60731139931989
"00360",17,0.267477078302127,1.94321801153011,3,0,"Phenylalanine metabolism - Homo sapiens (human)","HIGH_CV_LOW_VIF",0.137646458974263
"04650",111,0.266952481745793,2.48925173201958,29,7,"Natural killer cell mediated cytotoxicity - Homo sapiens (human)","NOISY",0.66451192755264
"00340",29,0.263917104966396,2.03513870772787,9,0,"Histidine metabolism - Homo sapiens (human)","NOISY",0.537107915948592
"05323",83,0.26366512183234,2.76134580682599,22,2,"Rheumatoid arthritis - Homo sapiens (human)","NOISY",0.728070578577998
"00860",40,0.261369731627708,1.99317995350654,9,0,"Porphyrin metabolism - Homo sapiens (human)","HIGH_CV_LOW_VIF",0.131132029081413
"00790",9,0.261131535710276,2.02955393253355,1,0,"Folate biosynthesis - Homo sapiens (human)","NOISY",0.529980535209317
"00604",15,0.260065601895919,1.9593894383193,4,0,"Glycosphingolipid biosynthesis - ganglio series - Homo sapiens (human)","HIGH_CV_LOW_VIF",0.13272787778166
"04540",79,0.252487329737097,2.1992772767899,18,1,"Gap junction - Homo sapiens (human)","NOISY",0.555289646968157
"04612",67,0.249759570473215,2.17681424328707,14,0,"Antigen processing and presentation - Homo sapiens (human)","NOISY",0.543680190403357
"04630",113,0.248502412907951,2.7074589639571,24,7,"JAK-STAT signaling pathway - Homo sapiens (human)","NOISY",0.6728100853926
"05218",61,0.243377082533268,2.30628634942956,14,3,"Melanoma - Homo sapiens (human)","NOISY",0.561297243210468
"00010",60,0.242412586353071,1.99802545222132,10,0,"Glycolysis / Gluconeogenesis - Homo sapiens (human)","HIGH_CV_LOW_VIF",0.121326075242719
"04975",33,0.240546317396098,1.8341295862077,9,0,"Fat digestion and absorption - Homo sapiens (human)","HIGH_CV_LOW_VIF",0.131150121128278
"04270",102,0.240344789585726,2.42356396949748,22,4,"Vascular smooth muscle contraction - Homo sapiens (human)","NOISY",0.582490972296419
"04510",193,0.238205640090302,2.36088045813759,36,6,"Focal adhesion - Homo sapiens (human)","NOISY",0.562375040707351
"05150",52,0.234242164806979,2.78831362552991,12,3,"Staphylococcus aureus infection - Homo sapiens (human)","MODERATE",NA
"00330",53,0.23310749152818,2.00029038839006,10,0,"Arginine and proline metabolism - Homo sapiens (human)","MODERATE",NA
"05200",309,0.23257868555787,2.29760452802428,67,11,"Pathways in cancer - Homo sapiens (human)","MODERATE",NA
"04912",87,0.232574039655827,2.1654667098777,18,3,"GnRH signaling pathway - Homo sapiens (human)","MODERATE",NA
"04960",35,0.231852870824338,2.35021020498332,7,2,"Aldosterone-regulated sodium reabsorption - Homo sapiens (human)","MODERATE",NA
"04670",106,0.231104573285152,2.68105422456777,17,8,"Leukocyte transendothelial migration - Homo sapiens (human)","MODERATE",NA
"04530",116,0.229782083307067,2.05564143046248,20,3,"Tight junction - Homo sapiens (human)","MODERATE",NA
"00533",15,0.228686601614472,2.00849570367215,2,0,"Glycosaminoglycan biosynthesis - keratan sulfate - Homo sapiens (human)","MODERATE",NA
"00565",29,0.225755977994884,1.91240679371324,6,0,"Ether lipid metabolism - Homo sapiens (human)","MODERATE",NA
"04012",84,0.225569825605776,2.28106107265385,17,3,"ErbB signaling pathway - Homo sapiens (human)","MODERATE",NA
"00740",9,0.225261530912456,1.8676754065589,2,0,"Riboflavin metabolism - Homo sapiens (human)","MODERATE",NA
"00120",16,0.224806607654299,2.19674437042664,5,0,"Primary bile acid biosynthesis - Homo sapiens (human)","MODERATE",NA
"04360",118,0.224347074495711,2.18989707540767,25,2,"Axon guidance - Homo sapiens (human)","MODERATE",NA
"04720",59,0.223491983202002,2.33060873168712,13,2,"Long-term potentiation - Homo sapiens (human)","MODERATE",NA
"04010",235,0.22267112140066,2.1870879713316,49,5,"MAPK signaling pathway - Homo sapiens (human)","MODERATE",NA
"00600",38,0.222422964960343,2.06238747582626,9,0,"Sphingolipid metabolism - Homo sapiens (human)","MODERATE",NA
"04145",143,0.222326298641788,2.36147244724092,27,2,"Phagocytosis - Homo sapiens (human)","MODERATE",NA
"05014",45,0.221759718143479,2.14074191572255,9,0,"Amyotrophic lateral sclerosis - Homo sapiens (human)","MODERATE",NA
"04810",192,0.221108605124715,2.61039808595511,38,9,"Regulation of actin cytoskeleton - Homo sapiens (human)","MODERATE",NA
"05140",68,0.217188730815873,2.37026327542639,14,1,"Leishmaniasis - Homo sapiens (human)","MODERATE",NA
"04730",53,0.216714838881828,2.17260636487896,12,1,"Long-term depression - Homo sapiens (human)","MODERATE",NA
"05142",102,0.216253207741583,2.41621895425036,23,6,"Chagas disease - Homo sapiens (human)","MODERATE",NA
"00920",12,0.215938241906384,2.01252518649198,2,0,"Sulfur metabolism - Homo sapiens (human)","MODERATE",NA
"04380",125,0.209290254443867,2.57296273498281,24,6,"Osteoclast differentiation - Homo sapiens (human)","MODERATE",NA
"05214",63,0.204501983042498,2.22614089796412,10,2,"Glioma - Homo sapiens (human)","MODERATE",NA
"00760",23,0.203508279347638,2.59165050936691,4,2,"Nicotinate and nicotinamide metabolism - Homo sapiens (human)","MODERATE",NA
"04966",22,0.202303622211202,4.80916322338221,4,1,"Collecting duct acid secretion - Homo sapiens (human)","MODERATE",NA
"05416",61,0.19743203874779,2.32669495583203,10,1,"Viral myocarditis - Homo sapiens (human)","MODERATE",NA
"04977",20,0.197409684004696,1.80380862974083,4,0,"Vitamin digestion and absorption - Homo sapiens (human)","MODERATE",NA
"00564",72,0.197374038131305,1.97801663189531,14,0,"Glycerophospholipid metabolism - Homo sapiens (human)","MODERATE",NA
"00650",27,0.197274125336682,2.30782286788756,5,0,"Butanoate metabolism - Homo sapiens (human)","MODERATE",NA
"00380",38,0.196809600171605,2.14775444684602,5,0,"Tryptophan metabolism - Homo sapiens (human)","MODERATE",NA
"00250",31,0.19652993934267,2.16667490195014,4,1,"Alanine, aspartate and glutamate metabolism - Homo sapiens (human)","MODERATE",NA
"03320",62,0.195147736980415,2.15168110799831,9,0,"PPAR signaling pathway - Homo sapiens (human)","MODERATE",NA
"05145",122,0.194443355638732,2.21328859332269,20,3,"Toxoplasmosis - Homo sapiens (human)","MODERATE",NA
"00052",24,0.191916635212865,1.87463069996118,3,0,"Galactose metabolism - Homo sapiens (human)","MODERATE",NA
"00230",154,0.191433165584308,2.33740727834172,20,6,"Purine metabolism - Homo sapiens (human)","MODERATE",NA
"00561",44,0.190994148678354,1.94625085470733,7,0,"Glycerolipid metabolism - Homo sapiens (human)","MODERATE",NA
"00603",12,0.190874696052486,1.96807777858899,2,0,"Glycosphingolipid biosynthesis - globo and isoglobo series - Homo sapiens (human)","MODERATE",NA
"04621",56,0.190811138625958,2.23775278451338,9,1,"NOD-like receptor signaling pathway - Homo sapiens (human)","MODERATE",NA
"01100",1050,0.188154461461906,2.20653741867179,155,13,"Metabolic pathways - Homo sapiens (human)","MODERATE",NA
"05222",85,0.187540289373388,2.22553097555556,12,2,"Small cell lung cancer - Homo sapiens (human)","MODERATE",NA
"04660",101,0.187478297817416,2.8730839514365,17,9,"T cell receptor signaling pathway - Homo sapiens (human)","MODERATE",NA
"05020",33,0.18684055552048,2.49293685892027,6,0,"Prion disease - Homo sapiens (human)","MODERATE",NA
"00410",21,0.186609929015568,2.4204903643398,2,0,"beta-Alanine metabolism - Homo sapiens (human)","MODERATE",NA
"00480",46,0.18610845795868,2.03572219659541,6,1,"Glutathione metabolism - Homo sapiens (human)","MODERATE",NA
"04620",88,0.183019336076625,2.27335118429942,14,3,"Toll-like receptor signaling pathway - Homo sapiens (human)","MODERATE",NA
"00270",35,0.182716603245811,2.12196023475708,3,0,"Cysteine and methionine metabolism - Homo sapiens (human)","MODERATE",NA
"04114",101,0.182641139739803,2.36503925043359,16,3,"Oocyte meiosis - Homo sapiens (human)","MODERATE",NA
"05219",42,0.182550498259819,2.0949279627035,5,1,"Bladder cancer - Homo sapiens (human)","MODERATE",NA
"00532",22,0.182197154238564,2.09853537556242,3,0,"Glycosaminoglycan biosynthesis - chondroitin sulfate / dermatan sulfate - Homo sapiens (human)","MODERATE",NA
"00260",32,0.180221959163382,2.23938570584904,1,0,"Glycine, serine and threonine metabolism - Homo sapiens (human)","MODERATE",NA
"04610",68,0.179889360802683,2.49908466231232,5,1,"Complement and coagulation cascades - Homo sapiens (human)","MODERATE",NA
"04070",75,0.178593323956028,2.34529506487656,13,3,"Phosphatidylinositol signaling system - Homo sapiens (human)","MODERATE",NA
"04664",67,0.177608065473576,2.4350712354035,10,3,"Fc epsilon RI signaling pathway - Homo sapiens (human)","MODERATE",NA
"05160",114,0.177342632406256,2.08531821399208,15,2,"Hepatitis C - Homo sapiens (human)","MODERATE",NA
"05216",29,0.17405193824581,2.91552038438558,4,1,"Thyroid cancer - Homo sapiens (human)","MODERATE",NA
"04920",61,0.172938060308947,2.08074108027005,7,1,"Adipocytokine signaling pathway - Homo sapiens (human)","MODERATE",NA
"00562",56,0.1718944345927,2.37157973056537,9,2,"Inositol phosphate metabolism - Homo sapiens (human)","MODERATE",NA
"04115",66,0.171019597682533,2.13192002598681,7,1,"p53 signaling pathway - Homo sapiens (human)","MODERATE",NA
"05130",53,0.169935614624427,2.58187383462826,5,2,"Pathogenic Escherichia coli infection - Homo sapiens (human)","MODERATE",NA
"00400",5,0.166598253299904,2.15522010000046,0,0,"Phenylalanine, tyrosine and tryptophan biosynthesis - Homo sapiens (human)","MODERATE",NA
"04722",123,0.165113596435939,2.56067040523214,18,5,"Neurotrophin signaling pathway - Homo sapiens (human)","MODERATE",NA
"03440",28,0.164691121795031,2.69771346341903,3,1,"Homologous recombination - Homo sapiens (human)","MODERATE",NA
"00620",38,0.164567087687456,2.14562247944146,3,0,"Pyruvate metabolism - Homo sapiens (human)","MODERATE",NA
"03022",34,0.163810165010163,2.28135955460509,4,1,"Basal transcription factors - Homo sapiens (human)","MODERATE",NA
"05120",65,0.163690292258174,2.48504554311008,10,2,"Epithelial cell signaling in Helicobacter pylori infection - Homo sapiens (human)","MODERATE",NA
"05213",52,0.163221769788745,2.30229422470284,7,2,"Endometrial cancer - Homo sapiens (human)","MODERATE",NA
"04623",41,0.162015660562946,2.22364108730194,4,2,"Cytosolic DNA-sensing pathway - Homo sapiens (human)","MODERATE",NA
"04662",73,0.160870361213918,2.47055224510253,8,3,"B cell receptor signaling pathway - Homo sapiens (human)","MODERATE",NA
"00770",16,0.160608071588081,2.09920682520731,2,0,"Pantothenate and CoA biosynthesis - Homo sapiens (human)","MODERATE",NA
"00071",42,0.158711832406182,2.39883908230033,4,0,"Fatty acid degradation - Homo sapiens (human)","MODERATE",NA
"04110",123,0.158092723797222,2.50096575653866,9,4,"Cell cycle - Homo sapiens (human)","MODERATE",NA
"04622",54,0.157751286277535,2.06990104570801,7,1,"RIG-I-like receptor signaling pathway - Homo sapiens (human)","STABLE",NA
"04520",73,0.156631419096704,2.25981470901332,7,1,"Adherens junction - Homo sapiens (human)","STABLE",NA
"04914",78,0.156254872913738,2.37916383885187,9,3,"Progesterone-mediated oocyte maturation - Homo sapiens (human)","STABLE",NA
"00100",19,0.155313753503922,1.58253180236943,3,0,"Steroid biosynthesis - Homo sapiens (human)","STABLE",NA
"05010",154,0.154721273157392,2.69473281622707,19,5,"Alzheimer disease - Homo sapiens (human)","STABLE",NA
"04370",66,0.153710723982503,2.31759505662071,9,2,"VEGF signaling pathway - Homo sapiens (human)","STABLE",NA
"05223",53,0.153704782421872,2.36971956846877,4,2,"Non-small cell lung cancer - Homo sapiens (human)","STABLE",NA
"04666",89,0.153247757272399,3.0275660210148,11,8,"Fc gamma R-mediated phagosome formation - Homo sapiens (human)","STABLE",NA
"00030",24,0.152766258706234,2.102294054352,1,0,"Pentose phosphate pathway - Homo sapiens (human)","STABLE",NA
"04144",193,0.152358925307781,2.48074711520983,16,8,"Endocytosis - Homo sapiens (human)","STABLE",NA
"00640",31,0.152080624776996,2.35350583570131,2,0,"Propanoate metabolism - Homo sapiens (human)","STABLE",NA
"04910",129,0.15172116156459,2.31031024769267,13,4,"Insulin signaling pathway - Homo sapiens (human)","STABLE",NA
"00520",47,0.151402567589594,2.00698476275886,4,0,"Amino sugar and nucleotide sugar metabolism - Homo sapiens (human)","STABLE",NA
"01040",21,0.148776613980916,1.81257249469542,2,0,"Biosynthesis of unsaturated fatty acids - Homo sapiens (human)","STABLE",NA
"05215",86,0.147657309507416,2.27819301032812,10,2,"Prostate cancer - Homo sapiens (human)","STABLE",NA
"00051",35,0.146710678989382,2.12137848651144,2,0,"Fructose and mannose metabolism - Homo sapiens (human)","STABLE",NA
"05212",70,0.144748584898328,2.37304888553792,5,2,"Pancreatic cancer - Homo sapiens (human)","STABLE",NA
"05211",69,0.14062702607407,2.57847093077353,8,4,"Renal cell carcinoma - Homo sapiens (human)","STABLE",NA
"05100",69,0.139831507765914,2.63632805642691,5,6,"Bacterial invasion of epithelial cells - Homo sapiens (human)","STABLE",NA
"00510",49,0.139380353348305,2.23488168104572,6,0,"N-Glycan biosynthesis - Homo sapiens (human)","STABLE",NA
"05110",49,0.133939348843928,2.18896193132145,4,0,"Vibrio cholerae infection - Homo sapiens (human)","STABLE",NA
"05016",169,0.131714425198174,2.78613233725588,13,7,"Huntington disease - Homo sapiens (human)","STABLE",NA
"04142",119,0.130795433372524,1.96054816696813,8,0,"Lysosome biogenesis - Homo sapiens (human)","STABLE",NA
"04210",82,0.129866398740794,2.61870337145194,7,5,"Apoptosis - Homo sapiens (human)","STABLE",NA
"00670",18,0.128671180665139,2.23148403463727,1,0,"One carbon pool by folate - Homo sapiens (human)","STABLE",NA
"04330",45,0.127889637256865,2.32925521630085,2,0,"Notch signaling pathway - Homo sapiens (human)","STABLE",NA
"00240",97,0.127815599059924,2.42946032426942,4,4,"Pyrimidine metabolism - Homo sapiens (human)","STABLE",NA
"04962",41,0.12572925342817,2.20231995658401,5,0,"Vasopressin-regulated water reabsorption - Homo sapiens (human)","STABLE",NA
"00130",7,0.125621571677914,1.82751484636382,0,0,"Ubiquinone and other terpenoid-quinone biosynthesis - Homo sapiens (human)","STABLE",NA
"04140",20,0.124644936956897,2.50790419407612,1,0,"Autophagy - animal - Homo sapiens (human)","STABLE",NA
"05210",61,0.122957797339679,2.35342022909886,5,2,"Colorectal cancer - Homo sapiens (human)","STABLE",NA
"05220",73,0.121978437892416,2.35324705396181,3,3,"Chronic myeloid leukemia - Homo sapiens (human)","STABLE",NA
"05221",56,0.121061664391259,2.35362915077137,4,2,"Acute myeloid leukemia - Homo sapiens (human)","STABLE",NA
"04146",78,0.119235537544665,2.36253793137965,4,0,"Peroxisome - Homo sapiens (human)","STABLE",NA
"03030",36,0.117366690113399,2.64007521926628,1,0,"DNA replication - Homo sapiens (human)","STABLE",NA
"03430",23,0.116905882580304,2.38399886360124,2,0,"Mismatch repair - Homo sapiens (human)","STABLE",NA
"00750",6,0.116120307668005,2.04278699306137,0,0,"Vitamin B6 metabolism - Homo sapiens (human)","STABLE",NA
"00280",44,0.112481515407566,2.50928063827788,2,0,"Valine, leucine and isoleucine degradation - Homo sapiens (human)","STABLE",NA
"04130",36,0.112055059814646,2.236820044513,2,0,"SNARE interactions in vesicular transport - Homo sapiens (human)","STABLE",NA
"04150",49,0.109550904844668,2.45361127625812,2,2,"mTOR signaling pathway - Homo sapiens (human)","STABLE",NA
"05012",111,0.106112750074651,2.86733005855676,8,3,"Parkinson disease - Homo sapiens (human)","STABLE",NA
"00310",44,0.105733319504986,2.41057596162316,2,1,"Lysine degradation - Homo sapiens (human)","STABLE",NA
"04710",21,0.105547741692594,2.22122708063489,1,0,"Circadian rhythm - Homo sapiens (human)","STABLE",NA
"00450",16,0.105264280031725,1.96091176600364,0,0,"Selenocompound metabolism - Homo sapiens (human)","STABLE",NA
"00785",3,0.104715042320305,1.50361230969342,0,0,"Lipoic acid metabolism - Homo sapiens (human)","STABLE",NA
"03015",76,0.104671437796738,2.28730176569179,6,1,"mRNA surveillance pathway - Homo sapiens (human)","STABLE",NA
"05131",60,0.103897943629945,2.52020390569075,4,2,"Shigellosis - Homo sapiens (human)","STABLE",NA
"00630",18,0.102924164655119,2.4892374805123,1,0,"Glyoxylate and dicarboxylate metabolism - Homo sapiens (human)","STABLE",NA
"00511",16,0.099938965977458,1.8693224557491,1,0,"Other glycan degradation - Homo sapiens (human)","STABLE",NA
"00190",112,0.0992492038866022,2.94382874428762,6,4,"Oxidative phosphorylation - Homo sapiens (human)","STABLE",NA
"00531",16,0.0960167300014628,1.86860469290613,1,0,"Glycosaminoglycan degradation - Homo sapiens (human)","STABLE",NA
"03420",44,0.0932318264406395,2.23328799240625,1,0,"Nucleotide excision repair - Homo sapiens (human)","STABLE",NA
"00730",4,0.0922535082136169,1.79215659051617,0,0,"Thiamine metabolism - Homo sapiens (human)","STABLE",NA
"00900",15,0.0898664375593087,1.92527277187936,0,0,"Terpenoid backbone biosynthesis - Homo sapiens (human)","STABLE",NA
"03410",33,0.0896797141790193,2.21533456950657,1,0,"Base excision repair - Homo sapiens (human)","STABLE",NA
"03013",143,0.0881663503540432,2.40564912456897,7,2,"Nucleocytoplasmic transport - Homo sapiens (human)","STABLE",NA
"00563",25,0.0876576358967921,2.22248318635697,0,0,"Glycosylphosphatidylinositol (GPI)-anchor biosynthesis - Homo sapiens (human)","STABLE",NA
"03018",68,0.0873568878023648,2.25646473568923,2,0,"RNA degradation - Homo sapiens (human)","STABLE",NA
"04120",133,0.0864380453566077,2.3891710642492,2,4,"Ubiquitin mediated proteolysis - Homo sapiens (human)","STABLE",NA
"00061",5,0.0849677789451811,2.25518392249535,0,0,"Fatty acid biosynthesis - Homo sapiens (human)","STABLE",NA
"04141",161,0.0841404357810273,2.16616591003489,5,0,"Protein processing in endoplasmic reticulum - Homo sapiens (human)","STABLE",NA
"03010",86,0.0836488922880328,4.09546816450584,3,22,"Ribosome - Homo sapiens (human)","STABLE",NA
"03450",12,0.0802940528069371,2.36279425901041,0,0,"Non-homologous end-joining - Homo sapiens (human)","STABLE",NA
"00290",10,0.0763237161534453,2.03911981121645,0,0,"Valine, leucine and isoleucine biosynthesis - Homo sapiens (human)","STABLE",NA
"03020",29,0.0748337235213504,2.71099820556598,0,3,"RNA polymerase - Homo sapiens (human)","STABLE",NA
"00020",29,0.0743757245624371,2.12072968481207,0,0,"Citrate cycle (TCA cycle) - Homo sapiens (human)","STABLE",NA
"04122",10,0.0737712301638113,2.47468700807012,0,0,"Sulfur relay system - Homo sapiens (human)","STABLE",NA
"00780",2,0.0723109999349156,2.01513251538655,0,0,"Biotin metabolism - Homo sapiens (human)","STABLE",NA
"03050",42,0.0716549433840691,2.94391061938314,1,3,"Proteasome - Homo sapiens (human)","STABLE",NA
"00062",8,0.0705526958805625,2.27422440755879,0,0,"Fatty acid elongation - Homo sapiens (human)","STABLE",NA
"03008",71,0.0652535520489237,2.58447732250582,0,2,"Ribosome biogenesis in eukaryotes - Homo sapiens (human)","STABLE",NA
"00970",41,0.0608917349139474,2.19012379643498,0,0,"Aminoacyl-tRNA biosynthesis - Homo sapiens (human)","STABLE",NA
"03060",23,0.0557019403076688,2.20266880559886,0,0,"Protein export - Homo sapiens (human)","STABLE",NA
"03040",127,0.0556773553500598,2.78134269809401,0,2,"Spliceosome - Homo sapiens (human)","STABLE",NA
