"interaction","name","selected","shared interaction","shared name","stringdb::coexpression","stringdb::cooccurrence","stringdb::databases","stringdb::experiments","stringdb::fusion","stringdb::interspecies","stringdb::neighborhood","stringdb::score","stringdb::textmining"
"pp","9606.ENSP00000473093 (pp) 9606.ENSP00000480637","false","pp","9606.ENSP00000473093 (pp) 9606.ENSP00000480637","0.999","0.047","0.0","0.424","0.0",,"0.0","0.999","0.053"
"pp","9606.ENSP00000400892 (pp) 9606.ENSP00000487358","false","pp","9606.ENSP00000400892 (pp) 9606.ENSP00000487358","0.188","0.0","0.72","0.0","0.0",,"0.0","0.871","0.48"
"pp","9606.ENSP00000352565 (pp) 9606.ENSP00000360493","false","pp","9606.ENSP00000352565 (pp) 9606.ENSP00000360493","0.042","0.0","0.7","0.0","0.0",,"0.0","0.885","0.632"
"pp","9606.ENSP00000295683 (pp) 9606.ENSP00000319635","false","pp","9606.ENSP00000295683 (pp) 9606.ENSP00000319635","0.771","0.052","0.9","0.0","0.0",,"0.0","0.999","0.98"
"pp","9606.ENSP00000371790 (pp) 9606.ENSP00000431418","false","pp","9606.ENSP00000371790 (pp) 9606.ENSP00000431418","0.045","0.0","0.65","0.0","0.0",,"0.0","0.887","0.691"
"pp","9606.ENSP00000277120 (pp) 9606.ENSP00000431418","false","pp","9606.ENSP00000277120 (pp) 9606.ENSP00000431418","0.067","0.064","0.5","0.095","0.0",,"0.0","0.989","0.978"
"pp","9606.ENSP00000277120 (pp) 9606.ENSP00000371790","false","pp","9606.ENSP00000277120 (pp) 9606.ENSP00000371790","0.084","0.0","0.65","0.0","0.0",,"0.0","0.773","0.351"
"pp","9606.ENSP00000264563 (pp) 9606.ENSP00000338010","false","pp","9606.ENSP00000264563 (pp) 9606.ENSP00000338010","0.044","0.0","0.65","0.0","0.0",,"0.0","0.743","0.294"
"pp","9606.ENSP00000264246 (pp) 9606.ENSP00000266557","false","pp","9606.ENSP00000264246 (pp) 9606.ENSP00000266557","0.067","0.0","0.0","0.0","0.0",,"0.0","0.989","0.989"
"pp","9606.ENSP00000264246 (pp) 9606.ENSP00000356694","false","pp","9606.ENSP00000264246 (pp) 9606.ENSP00000356694","0.081","0.204","0.0","0.0","0.0",,"0.0","0.898","0.872"
"pp","9606.ENSP00000264246 (pp) 9606.ENSP00000333919","false","pp","9606.ENSP00000264246 (pp) 9606.ENSP00000333919","0.179","0.0","0.0","0.0","0.0",,"0.0","0.788","0.753"
"pp","9606.ENSP00000264246 (pp) 9606.ENSP00000438406","false","pp","9606.ENSP00000264246 (pp) 9606.ENSP00000438406","0.308","0.0","0.0","0.0","0.0",,"0.0","0.7","0.585"
"pp","9606.ENSP00000287598 (pp) 9606.ENSP00000465992","false","pp","9606.ENSP00000287598 (pp) 9606.ENSP00000465992","0.693","0.0","0.0","0.071","0.0",,"0.0","0.838","0.477"
"pp","9606.ENSP00000263753 (pp) 9606.ENSP00000287598","false","pp","9606.ENSP00000263753 (pp) 9606.ENSP00000287598","0.735","0.0","0.5","0.294","0.0",,"0.0","0.974","0.759"
"pp","9606.ENSP00000263181 (pp) 9606.ENSP00000287598","false","pp","9606.ENSP00000263181 (pp) 9606.ENSP00000287598","0.664","0.0","0.5","0.071","0.0",,"0.0","0.913","0.509"
"pp","9606.ENSP00000263181 (pp) 9606.ENSP00000263753","false","pp","9606.ENSP00000263181 (pp) 9606.ENSP00000263753","0.761","0.0","0.0","0.068","0.0",,"0.0","0.862","0.431"
"pp","9606.ENSP00000263181 (pp) 9606.ENSP00000465992","false","pp","9606.ENSP00000263181 (pp) 9606.ENSP00000465992","0.263","0.11","0.54","0.0","0.0",,"0.0","0.768","0.324"
"pp","9606.ENSP00000261917 (pp) 9606.ENSP00000328968","false","pp","9606.ENSP00000261917 (pp) 9606.ENSP00000328968","0.088","0.0","0.0","0.058","0.0",,"0.0","0.953","0.949"
"pp","9606.ENSP00000261652 (pp) 9606.ENSP00000291232","false","pp","9606.ENSP00000261652 (pp) 9606.ENSP00000291232","0.236","0.0","0.0","0.0","0.0",,"0.0","0.989","0.987"
"pp","9606.ENSP00000261448 (pp) 9606.ENSP00000350132","false","pp","9606.ENSP00000261448 (pp) 9606.ENSP00000350132","0.548","0.0","0.0","0.0","0.0",,"0.0","0.771","0.515"
"pp","9606.ENSP00000261448 (pp) 9606.ENSP00000328968","false","pp","9606.ENSP00000261448 (pp) 9606.ENSP00000328968","0.07","0.0","0.0","0.0","0.0",,"0.0","0.708","0.698"
"pp","9606.ENSP00000231009 (pp) 9606.ENSP00000266557","false","pp","9606.ENSP00000231009 (pp) 9606.ENSP00000266557","0.434","0.0","0.0","0.0","0.0",,"0.0","0.712","0.512"
"pp","9606.ENSP00000228682 (pp) 9606.ENSP00000361266","false","pp","9606.ENSP00000228682 (pp) 9606.ENSP00000361266","0.11","0.0","0.0","0.15","0.0",,"0.0","0.842","0.808"
"pp","9606.ENSP00000228682 (pp) 9606.ENSP00000323588","false","pp","9606.ENSP00000228682 (pp) 9606.ENSP00000323588","0.06","0.0","0.0","0.095","0.0",,"0.0","0.772","0.753"
"pp","9606.ENSP00000266557 (pp) 9606.ENSP00000333919","false","pp","9606.ENSP00000266557 (pp) 9606.ENSP00000333919","0.27","0.0","0.0","0.0","0.0",,"0.0","0.836","0.785"
"pp","9606.ENSP00000266557 (pp) 9606.ENSP00000291232","false","pp","9606.ENSP00000266557 (pp) 9606.ENSP00000291232","0.148","0.0","0.0","0.0","0.0",,"0.0","0.78","0.753"
"pp","9606.ENSP00000266557 (pp) 9606.ENSP00000338010","false","pp","9606.ENSP00000266557 (pp) 9606.ENSP00000338010","0.203","0.0","0.0","0.0","0.0",,"0.0","0.732","0.678"
"pp","9606.ENSP00000223795 (pp) 9606.ENSP00000266557","false","pp","9606.ENSP00000223795 (pp) 9606.ENSP00000266557","0.132","0.0","0.0","0.0","0.0",,"0.0","0.927","0.92"
"pp","9606.ENSP00000216492 (pp) 9606.ENSP00000220478","false","pp","9606.ENSP00000216492 (pp) 9606.ENSP00000220478","0.36","0.0","0.0","0.0","0.0",,"0.0","0.99","0.985"
